Fund Ticker, Holding Ticker,Security Identifier, Name, CouponRate, MaturityDate, Effective Date, Next_Call_Date, rating, Shares/Par Value, MarketValue, PercentageOfFund, PositionDate 
PGX,JPM C,48128B648,JPMorgan Chase & Co,6.00,12/31/2079,01/24/2019,03/01/2024,BBB-/Baa2,"3,270,107",8.234129426E7,1.78,03/31/2023
PGX,JPM D,48128B655,JPMorgan Chase & Co,5.75,12/31/2079,09/21/2018,12/01/2023,BBB-/Baa2,"2,953,669",7.357589479E7,1.59,03/31/2023
PGX,JPM L,48128B549,JPMorgan Chase & Co,4.62,12/31/2079,05/20/2021,06/01/2026,BBB-/Baa2,"3,396,322",7.173032064E7,1.55,03/31/2023
PGX,JPM M,48128B523,JPMorgan Chase & Co,4.20,12/31/2079,07/29/2021,09/01/2026,BBB-/Baa2,"3,597,279",7.111820583E7,1.53,03/31/2023
PGX,WFC Z,94988U151,Wells Fargo & Co,4.75,12/31/2079,01/27/2020,03/15/2025,BB+/Baa2,"3,627,463",6.968356423E7,1.50,03/31/2023
PGX,T C,00206R706,AT&T Inc,4.75,12/31/2079,02/18/2020,02/18/2025,BB+/Ba1,"3,150,322",6.700734894E7,1.45,03/31/2023
PGX,BAC M,06053U601,Bank of America Corp,5.38,12/30/2049,06/25/2019,06/25/2024,BBB-/Baa3,"2,786,264",6.400048408E7,1.38,03/31/2023
PGX,BAC B,060505229,Bank of America Corp,6.00,12/31/2079,05/16/2018,05/16/2023,BBB-/Baa3,"2,478,746",6.100193906E7,1.32,03/31/2023
PGX,JPM K,48128B580,JPMorgan Chase & Co,4.55,12/31/2079,03/17/2021,06/01/2026,BBB-/Baa2,"2,816,055",5.94750816E7,1.28,03/31/2023
PGX,TBB,00206R300,AT&T Inc,5.35,11/01/2066,10/27/2017,05/01/2023,BBB/Baa2,"2,436,555",5.723467695E7,1.23,03/31/2023
PGX,COF I,14040H824,Capital One Financial Corp,5.00,12/31/2079,09/11/2019,12/01/2024,BB/Baa3,"2,693,310",5.42701965E7,1.17,03/31/2023
PGX,BAC N,06055H202,Bank of America Corp,5.00,12/31/2079,09/17/2019,09/17/2024,BBB-/Baa3,"2,470,745",5.265157595E7,1.14,03/31/2023
PGX,T A,00206R508,AT&T Inc,5.00,12/31/2079,12/12/2019,12/12/2024,BB+/Ba1,"2,159,565",4.89357429E7,1.06,03/31/2023
PGX,ALL H,020002838,Allstate Corp/The,5.10,12/31/2079,08/08/2019,10/15/2024,BBB/Baa2,"2,058,230",4.62484281E7,1.00,03/31/2023
PGX,MS I,61761J406,Morgan Stanley,6.38,12/31/2079,09/18/2014,10/15/2024,BBB-/Baa3,"1,868,513",4.602147519E7,0.99,03/31/2023
PGX,MS O,61762V861,Morgan Stanley,4.25,12/31/2079,10/25/2021,01/15/2027,BBB-/Baa3,"2,378,102",4.50650329E7,0.97,03/31/2023
PGX,DUK A,26441C501,Duke Energy Corp,5.75,12/31/2079,03/29/2019,06/15/2024,BBB-/Ba1,"1,752,648",4.46048916E7,0.96,03/31/2023
PGX,MS P,61762V853,Morgan Stanley,6.50,12/31/2079,08/02/2022,10/15/2027,BBB-/Baa3,"1,751,316",4.446591324E7,0.96,03/31/2023
PGX,COF J,14040H782,Capital One Financial Corp,4.80,12/31/2079,01/31/2020,06/01/2025,BB/Baa3,"2,268,124",4.341189336E7,0.94,03/31/2023
PGX,BAC Q,06055H806,Bank of America Corp,4.25,12/31/2079,10/26/2021,11/17/2026,BBB-/Baa3,"2,364,156",4.298035608E7,0.93,03/31/2023
PGX,MS K,61762V606,Morgan Stanley,5.85,12/31/2079,01/31/2017,04/15/2027,BBB-/Baa3,"1,726,128",4.277345184E7,0.92,03/31/2023
PGX,SOJD,842587800,Southern Co/The,4.95,01/30/2080,01/09/2020,01/30/2025,BBB-/Baa3,"1,805,923",4.08138598E7,0.88,03/31/2023
PGX,BAC K,060505195,Bank of America Corp,5.88,12/31/2079,07/24/2018,07/24/2023,BBB-/Baa3,"1,696,046",4.060334124E7,0.88,03/31/2023
PGX,BAC O,06055H400,Bank of America Corp,4.38,12/31/2079,10/29/2020,11/03/2025,BBB-/Baa3,"2,183,703",4.055136471E7,0.87,03/31/2023
PGX,WFC A,94988U128,Wells Fargo & Co,4.70,12/31/2079,10/28/2020,12/15/2025,BB+/Baa2,"2,084,955",3.938479995E7,0.85,03/31/2023
PGX,WFC D,95002Y400,Wells Fargo & Co,4.25,12/31/2079,07/27/2021,09/15/2026,BB+/Baa2,"2,247,553",3.86579116E7,0.83,03/31/2023
PGX,MET F,59156R850,MetLife Inc,4.75,12/31/2079,01/15/2020,03/15/2025,BBB/Baa2,"1,770,551",3.854489527E7,0.83,03/31/2023
PGX,TBC,00206R409,AT&T Inc,5.62,08/01/2067,08/01/2018,08/01/2023,BBB/Baa2,"1,482,544",3.693017104E7,0.80,03/31/2023
PGX,MET E,59156R876,MetLife Inc,5.62,12/31/2079,06/04/2018,06/15/2023,NA/Baa2,"1,470,280",3.66687832E7,0.79,03/31/2023
PGX,ET E,29273V605,Energy Transfer LP,7.60,,04/05/2021,05/15/2024,BB/Ba2,"1,503,059",3.634396662E7,0.78,03/31/2023
PGX,TFC R,89832Q695,Truist Financial Corp,4.75,12/31/2079,08/03/2020,09/01/2025,BBB-/Baa2,"1,667,205",3.532807395E7,0.76,03/31/2023
PGX,AEFC,00775V104,AEGON Funding Co LLC,5.10,12/15/2049,10/22/2019,12/15/2024,BBB-/Baa1,"1,630,391",3.520014169E7,0.76,03/31/2023
PGX,F C,345370837,Ford Motor Co,6.00,12/01/2059,12/11/2019,12/01/2024,BB+/Ba2,"1,426,127",3.509698547E7,0.76,03/31/2023
PGX,JPM J,48128B622,JPMorgan Chase & Co,4.75,12/31/2079,11/07/2019,12/01/2024,BBB-/Baa2,"1,619,268",3.499238148E7,0.75,03/31/2023
PGX,ATH-PA,G0684D305,Athene Holding Ltd,6.35,12/31/2079,06/10/2019,06/30/2029,BBB/Baa3,"1,582,009",3.440869575E7,0.74,03/31/2023
PGX,SREA,816851604,Sempra Energy,5.75,07/01/2079,06/26/2019,10/01/2024,BBB-/Baa3,"1,370,580",3.39081492E7,0.73,03/31/2023
PGX,RZC,759351885,Reinsurance Group of America Inc,7.12,10/15/2052,09/23/2022,10/15/2027,BBB+/Baa2,"1,274,314",3.35144582E7,0.72,03/31/2023
PGX,F B,345370845,Ford Motor Co,6.20,06/01/2059,05/28/2019,06/01/2024,BB+/NR,"1,336,304",3.34744152E7,0.72,03/31/2023
PGX,WFC C,95002Y202,Wells Fargo & Co,4.38,12/31/2079,02/01/2021,03/15/2026,BB+/Baa2,"1,880,260",3.30737734E7,0.71,03/31/2023
PGX,BAC P,06055H608,Bank of America Corp,4.12,12/31/2079,01/28/2021,02/02/2026,BBB-/Baa3,"1,858,284",3.253855284E7,0.70,03/31/2023
PGX,NEE N,65339K860,NextEra Energy Capital Holdings Inc,5.65,03/01/2079,03/15/2019,06/15/2024,BBB/Baa2,"1,215,718",3.12439526E7,0.67,03/31/2023
PGX,GS K,38148B108,Goldman Sachs Group Inc/The,6.38,12/31/2079,04/28/2014,05/10/2024,BB+/Ba1,"1,230,856",3.090679416E7,0.67,03/31/2023
PGX,SCHW D,808513600,Charles Schwab Corp/The,5.95,12/31/2079,03/07/2016,06/01/2023,BBB/Baa2,"1,322,419",3.045530957E7,0.66,03/31/2023
PGX,EQH A,29452E200,Equitable Holdings Inc,5.25,12/31/2079,11/27/2019,12/15/2024,BBB-/Baa3,"1,383,359",3.028172851E7,0.65,03/31/2023
PGX,USB P,902973759,US Bancorp,5.50,12/31/2079,08/14/2018,10/15/2023,BBB+/Baa1,"1,141,823",2.816877341E7,0.61,03/31/2023
PGX,WFC Y,94988U656,Wells Fargo & Co,5.62,12/31/2079,04/24/2017,06/15/2023,BB+/Baa2,"1,216,242",2.77303176E7,0.60,03/31/2023
PGX,F D,345370811,Ford Motor Co,6.50,08/15/2062,08/15/2022,08/15/2027,BB+/Ba2,"1,129,489",2.761600605E7,0.60,03/31/2023
PGX,CMSD,125896845,CMS Energy Corp,5.88,03/01/2079,02/20/2019,03/01/2024,BBB-/Baa3,"1,136,323",2.760128567E7,0.60,03/31/2023
PGX,SOJE,842587883,Southern Co/The,4.20,10/15/2060,09/18/2020,10/15/2025,BBB-/Baa3,"1,360,533",2.721066E7,0.59,03/31/2023
PGX,WCC A,95082P303,WESCO International Inc,10.62,12/31/2079,06/22/2020,06/22/2025,NR/NR,"981,405",2.660588955E7,0.57,03/31/2023
PGX,ALL G,020002127,Allstate Corp/The,5.62,12/31/2079,03/29/2018,04/17/2023,BBB-/Baa3,"1,054,507",2.629940458E7,0.57,03/31/2023
PGX,ATH C,04686J309,Athene Holding Ltd,6.38,12/31/2079,06/11/2020,06/30/2025,BBB/Baa3,"1,058,119",2.549008671E7,0.55,03/31/2023
PGX,PRS,744320805,Prudential Financial Inc,5.62,08/15/2058,08/13/2018,08/15/2023,BBB+/Baa1,"1,019,424",2.54856E7,0.55,03/31/2023
PGX,CTBB,74913G881,Qwest Corp,6.50,09/01/2056,08/22/2016,04/17/2023,BB-/B1,"1,785,258",2.545777908E7,0.55,03/31/2023
PGX,JXN A,46817M206,Jackson Financial Inc,8.00,12/31/2079,03/13/2023,03/30/2028,BB+/Ba1,"1,007,800",2.499344E7,0.54,03/31/2023
PGX,BAC S,06055H871,Bank of America Corp,4.75,12/31/2079,01/31/2022,02/17/2027,BBB-/Baa3,"1,202,122",2.490796784E7,0.54,03/31/2023
PGX,USB R,902973718,US Bancorp,4.00,12/31/2079,02/02/2021,04/15/2026,BBB+/Baa1,"1,332,053",2.47761858E7,0.53,03/31/2023
PGX,KEY L,493267843,KeyCorp,6.20,12/31/2079,08/24/2022,12/15/2027,BB+/Baa3,"1,096,453",2.448379549E7,0.53,03/31/2023
PGX,SYF A,87165B202,Synchrony Financial,5.62,12/31/2079,11/14/2019,11/15/2024,BB-/NR,"1,399,734",2.385146736E7,0.51,03/31/2023
PGX,TFC O,89832Q745,Truist Financial Corp,5.25,12/31/2079,05/27/2020,06/01/2025,BBB-/Baa2,"1,022,118",2.358026226E7,0.51,03/31/2023
PGX,ATH E,04686J507,Athene Holding Ltd,7.75,12/31/2079,12/12/2022,12/30/2027,BBB/Baa3,"976,287",2.332349643E7,0.50,03/31/2023
PGX,LNC D,534187885,Lincoln National Corp,9.00,12/31/2079,11/22/2022,12/01/2027,BBB-/Baa3,"908,000",2.3154E7,0.50,03/31/2023
PGX,DUKB,26441C402,Duke Energy Corp,5.62,09/15/2078,09/17/2018,09/15/2023,BBB-/Baa3,"913,642",2.28867321E7,0.49,03/31/2023
PGX,STT G,857477855,State Street Corp,5.35,12/31/2079,04/11/2016,03/15/2026,BBB/Baa1,"886,678",2.222901746E7,0.48,03/31/2023
PGX,MS L,61762V804,Morgan Stanley,4.88,12/31/2079,11/25/2019,01/15/2025,BBB-/Baa3,"994,142",2.210971808E7,0.48,03/31/2023
PGX,PSA L,74460W552,Public Storage,4.62,12/31/2079,06/17/2020,06/17/2025,BBB+/A3,"1,055,081",2.20511929E7,0.48,03/31/2023
PGX,RF B,7591EP506,Regions Financial Corp,6.38,12/31/2079,04/29/2014,09/15/2024,BB+/Baa3,"909,767",2.142501285E7,0.46,03/31/2023
PGX,COF L,14040H758,Capital One Financial Corp,4.38,12/31/2079,05/04/2021,09/01/2026,BB/Baa3,"1,251,748",2.136733836E7,0.46,03/31/2023
PGX,KEY I,493267702,KeyCorp,6.12,12/31/2079,12/12/2016,12/15/2026,BB+/Baa3,"908,557",2.126931937E7,0.46,03/31/2023
PGX,SCHW J,808513865,Charles Schwab Corp/The,4.45,12/31/2079,03/30/2021,06/01/2026,BBB/Baa2,"1,100,576",2.126312832E7,0.46,03/31/2023
PGX,PSA P,74460W461,Public Storage,4.00,09/30/2069,06/16/2021,06/16/2026,BBB+/A3,"1,129,674",2.086507878E7,0.45,03/31/2023
PGX,AXS E,05461T305,Axis Capital Holdings Ltd,5.50,12/31/2079,11/07/2016,05/01/2023,BBB/Baa3,"979,634",2.075844446E7,0.45,03/31/2023
PGX,NYCB A,649445202,New York Community Bancorp Inc,6.38,12/31/2079,03/17/2017,03/17/2027,NR/Ba2,"879,946",2.036195044E7,0.44,03/31/2023
PGX,AIG A,026874768,American International Group Inc,5.85,12/31/2079,03/14/2019,03/15/2024,NA/Ba1,"860,522",2.010179392E7,0.43,03/31/2023
PGX,PSA G,74460W669,Public Storage,5.05,12/31/2079,08/09/2017,05/01/2023,BBB+/A3,"842,563",1.984235865E7,0.43,03/31/2023
PGX,BPYPM,G1624R107,Brookfield Property Preferred LP,6.25,07/26/2081,07/26/2021,07/26/2026,BB/NR,"1,221,896",1.97947152E7,0.43,03/31/2023
PGX,SOJC,842587404,Southern Co/The,5.25,12/01/2077,11/22/2017,05/01/2023,BBB-/Baa3,"798,968",1.951079856E7,0.42,03/31/2023
PGX,RF C,7591EP704,Regions Financial Corp,5.70,12/31/2079,04/30/2019,05/15/2029,BB+/Baa3,"905,403",1.939373226E7,0.42,03/31/2023
PGX,RZB,759351802,Reinsurance Group of America Inc,5.75,06/15/2056,06/08/2016,06/15/2026,BBB+/Baa2,"726,996",1.86110976E7,0.40,03/31/2023
PGX,SCE L,78410V200,SCE Trust VI,5.00,12/31/2079,06/26/2017,05/01/2023,BB+/Baa3,"923,240",1.84463352E7,0.40,03/31/2023
PGX,ACGLN,03939A404,Arch Capital Group Ltd,4.55,12/31/2079,06/11/2021,06/11/2026,BBB/Baa3,"927,449",1.785339325E7,0.39,03/31/2023
PGX,KEY K,493267868,KeyCorp,5.62,12/31/2079,04/29/2019,09/15/2024,BB+/Baa3,"810,615",1.77848931E7,0.38,03/31/2023
PGX,TDS V,879433761,Telephone and Data Systems Inc,6.00,12/31/2079,08/16/2021,09/30/2026,B/Ba3,"1,265,402",1.772828202E7,0.38,03/31/2023
PGX,UZD,911684702,United States Cellular Corp,6.25,09/01/2069,08/12/2020,09/01/2025,BB/Ba2,"919,500",1.7663595E7,0.38,03/31/2023
PGX,BHFAN,10922N707,Brighthouse Financial Inc,5.38,12/31/2079,11/20/2020,12/25/2025,BBB-/Ba2,"1,046,831",1.753441925E7,0.38,03/31/2023
PGX,AEL A,025676503,American Equity Investment Life Holding Co,5.95,12/31/2079,11/21/2019,12/01/2024,BB/NA,"737,527",1.730975869E7,0.37,03/31/2023
PGX,BHFAP,10922N301,Brighthouse Financial Inc,6.60,12/31/2079,03/25/2019,03/25/2024,BBB-/Ba2,"760,832",1.728610304E7,0.37,03/31/2023
PGX,DTW,233331859,DTE Energy Co,5.25,12/01/2077,11/17/2017,05/01/2023,BBB-/Baa3,"747,912",1.722441336E7,0.37,03/31/2023
PGX,PFH,744320888,Prudential Financial Inc,4.12,09/01/2060,08/21/2020,09/01/2025,BBB+/Baa1,"855,317",1.715765902E7,0.37,03/31/2023
PGX,QRTEP,74915M308,Qurate Retail Inc,8.00,03/15/2031,09/17/2020,09/15/2025,NR/NR,"582,773",1.708107663E7,0.37,03/31/2023
PGX,BHFAO,10922N509,Brighthouse Financial Inc,6.75,12/31/2079,05/21/2020,06/25/2025,BBB-/Ba2,"706,787",1.685686995E7,0.36,03/31/2023
PGX,CTDD,74913G873,Qwest Corp,6.75,06/15/2057,04/27/2017,04/17/2023,BB-/B1,"1,119,116",1.66188726E7,0.36,03/31/2023
PGX,HBANP,446150823,Huntington Bancshares Inc/OH,4.50,12/31/2079,02/09/2021,04/15/2026,BB+/Baa3,"908,409",1.661480061E7,0.36,03/31/2023
PGX,KKRS,48253M104,KKR Group Finance Co IX LLC,4.62,04/01/2061,03/31/2021,04/01/2026,BBB+/NR,"889,055",1.64475175E7,0.35,03/31/2023
PGX,NTRSO,665859856,Northern Trust Corp,4.70,12/31/2079,11/05/2019,01/01/2025,BBB+/Baa1,"714,476",1.644009276E7,0.35,03/31/2023
PGX,ESGRP,29359U109,Enstar Group Ltd,7.00,12/31/2079,06/27/2018,09/01/2028,BB+/NR,"725,388",1.61761524E7,0.35,03/31/2023
PGX,RNR G,G7498P127,RenaissanceRe Holdings Ltd,4.20,12/31/2079,07/12/2021,07/15/2026,BBB/NR,"934,724",1.614268348E7,0.35,03/31/2023
PGX,ATH D,04686J408,Athene Holding Ltd,4.88,12/31/2079,12/18/2020,12/30/2025,BBB/NR,"1,017,367",1.601335658E7,0.35,03/31/2023
PGX,CGABL,14314C105,Carlyle Finance LLC,4.62,05/15/2061,05/04/2021,05/15/2026,BBB/NA,"862,174",1.58640016E7,0.34,03/31/2023
PGX,CFG E,174610402,Citizens Financial Group Inc,5.00,12/31/2079,10/28/2019,01/06/2025,BB+/Baa3,"802,298",1.58453855E7,0.34,03/31/2023
PGX,KEY J,493267876,KeyCorp,5.65,12/31/2079,07/30/2018,12/15/2023,BB+/Baa3,"768,439",1.583752779E7,0.34,03/31/2023
PGX,USB Q,902973734,US Bancorp,3.75,12/31/2079,10/27/2020,01/15/2026,BBB+/Baa1,"880,497",1.56728466E7,0.34,03/31/2023
PGX,HBANL,446150773,Huntington Bancshares Inc/OH,6.88,12/31/2079,03/06/2023,04/15/2028,BB+/Baa3,"640,700",1.5588231E7,0.34,03/31/2023
PGX,BHFAL,10922N202,Brighthouse Financial Inc,6.25,09/15/2058,09/12/2018,09/15/2023,BBB-/Ba1,"705,212",1.545824704E7,0.33,03/31/2023
PGX,UZF,911684884,United States Cellular Corp,5.50,06/01/2070,05/17/2021,06/01/2026,BB/Ba2,"890,602",1.520257614E7,0.33,03/31/2023
PGX,UZE,911684801,United States Cellular Corp,5.50,03/01/2070,12/02/2020,03/01/2026,BB/Ba2,"898,894",1.51014192E7,0.33,03/31/2023
PGX,USB S,902973668,US Bancorp,4.50,12/31/2079,02/09/2022,04/15/2027,BBB+/Baa1,"711,208",1.503493712E7,0.32,03/31/2023
PGX,HIG G,416518603,Hartford Financial Services Group Inc/The,6.00,12/31/2079,11/06/2018,11/15/2023,BBB-/Baa3,"589,104",1.49043312E7,0.32,03/31/2023
PGX,MER K,060505179,Bank of America Corp,6.45,12/15/2066,10/18/2018,05/01/2023,BBB-/Baa2,"584,293",1.461316793E7,0.32,03/31/2023
PGX,FCNCP,319626305,First Citizens BancShares Inc/NC,5.38,12/31/2079,03/12/2020,03/15/2025,NR/Ba1,"666,133",1.450171541E7,0.31,03/31/2023
PGX,PSA S,74460W396,Public Storage,4.10,12/31/2079,01/13/2022,01/13/2027,BBB+/A3,"780,768",1.445201568E7,0.31,03/31/2023
PGX,PRH,744320870,Prudential Financial Inc,5.95,09/01/2062,08/17/2022,09/01/2027,BBB+/Baa1,"566,205",1.435329675E7,0.31,03/31/2023
PGX,ASBA,045487600,Associated Banc-Corp,6.62,03/01/2033,02/10/2023,03/01/2028,BBB-/Baa1,"591,232",1.403584768E7,0.30,03/31/2023
PGX,AQNB,015857808,Algonquin Power & Utilities Corp,6.20,07/01/2079,05/23/2019,07/01/2024,BB+/NR,"596,670",1.38546774E7,0.30,03/31/2023
PGX,UNMA,91529Y601,Unum Group,6.25,06/15/2058,05/29/2018,06/15/2023,BB+/Ba1,"547,940",1.37697322E7,0.30,03/31/2023
PGX,WFC R,949746465,Wells Fargo & Co,6.62,12/31/2079,12/18/2013,03/15/2024,BB+/Baa2,"564,052",1.37064636E7,0.30,03/31/2023
PGX,SCE J,78409G206,SCE Trust IV,5.38,12/31/2079,08/24/2015,09/15/2025,BB+/Baa3,"670,282",1.36067246E7,0.29,03/31/2023
PGX,PSA R,74460W420,Public Storage,4.00,12/31/2079,11/19/2021,11/19/2026,NR/A3,"729,017",1.34868145E7,0.29,03/31/2023
PGX,SNV E,87161C709,Synovus Financial Corp,5.88,12/31/2079,07/01/2019,07/01/2024,BB-/NR,"614,794",1.33410298E7,0.29,03/31/2023
PGX,SCE-PK,78409W201,SCE Trust V,5.45,12/31/2079,03/08/2016,03/15/2026,BB+/Baa3,"593,613",1.32969312E7,0.29,03/31/2023
PGX,PACWP,695263202,PacWest Bancorp,7.75,12/31/2079,06/06/2022,09/01/2027,NR/NR,"889,530",1.31739393E7,0.28,03/31/2023
PGX,COF N,14040H733,Capital One Financial Corp,4.25,12/31/2079,07/29/2021,09/01/2026,BB/Baa3,"774,664",1.287491568E7,0.28,03/31/2023
PGX,ACGLO,03939A107,Arch Capital Group Ltd,5.45,12/31/2079,08/17/2017,05/01/2023,BBB/NA,"557,454",1.282701654E7,0.28,03/31/2023
PGX,AEL B,025676602,American Equity Investment Life Holding Co,6.62,12/31/2079,06/17/2020,09/01/2025,BB/NR,"512,266",1.277079138E7,0.28,03/31/2023
PGX,DLR L,253868822,Digital Realty Trust Inc,5.20,12/31/2079,10/10/2019,10/10/2024,BB+/Baa3,"584,427",1.25651805E7,0.27,03/31/2023
PGX,RF E,7591EP886,Regions Financial Corp,4.45,12/31/2079,05/04/2021,06/15/2026,BB+/Baa3,"710,284",1.25365126E7,0.27,03/31/2023
PGX,PBI B,724479506,Pitney Bowes Inc,6.70,03/07/2043,03/07/2013,05/02/2023,BB-/B3,"787,447",1.243378813E7,0.27,03/31/2023
PGX,ATH B,04686J200,Athene Holding Ltd,5.62,12/31/2079,09/19/2019,09/30/2024,BBB/Baa3,"613,984",1.235335808E7,0.27,03/31/2023
PGX,PSA F,74460W685,Public Storage,5.15,12/31/2079,06/02/2017,05/01/2023,BBB+/A3,"513,488",1.230830736E7,0.27,03/31/2023
PGX,GPJA,373334440,Georgia Power Co,5.00,10/01/2077,09/21/2017,04/17/2023,BBB-/Baa2,"487,500",1.2231375E7,0.26,03/31/2023
PGX,VOYA B,929089209,Voya Financial Inc,5.35,12/31/2079,06/18/2019,09/15/2029,BBB-/Ba2,"526,939",1.22249848E7,0.26,03/31/2023
PGX,CFG D,174610204,Citizens Financial Group Inc,6.35,12/31/2079,01/29/2019,04/06/2024,BB+/Baa3,"518,733",1.221097482E7,0.26,03/31/2023
PGX,EAI,29364D100,Entergy Arkansas LLC,4.88,09/01/2066,08/16/2016,05/01/2023,A/A2,"536,775",1.206133425E7,0.26,03/31/2023
PGX,AAM B,03769W302,Apollo Asset Management Inc,6.38,12/31/2079,03/19/2018,05/01/2023,BBB/NR,"533,674",1.19542976E7,0.26,03/31/2023
PGX,ENO,29364P103,Entergy New Orleans LLC,5.50,04/01/2066,03/22/2016,05/01/2023,BBB/Baa2,"486,939",1.193487489E7,0.26,03/31/2023
PGX,MGR,008252850,Affiliated Managers Group Inc,5.88,03/30/2059,03/27/2019,03/30/2024,BBB-/Baa1,"515,692",1.192795596E7,0.26,03/31/2023
PGX,PSA H,74460W644,Public Storage,5.60,,03/11/2019,03/11/2024,BBB+/A3,"463,568",1.17978056E7,0.25,03/31/2023
PGX,JSM,63938C405,Navient Corp,6.00,12/15/2043,12/15/2003,05/01/2023,B+/Ba3,"590,996",1.168990088E7,0.25,03/31/2023
PGX,CMSC,125896852,CMS Energy Corp,5.88,10/15/2078,09/26/2018,10/15/2023,BBB-/Baa3,"481,752",1.162467576E7,0.25,03/31/2023
PGX,MTB H,55261F872,M&T Bank Corp,5.62,,04/05/2022,12/15/2026,BB+/NR,"472,387",1.155458602E7,0.25,03/31/2023
PGX,ALL I,020002812,Allstate Corp/The,4.75,12/31/2079,11/08/2019,01/15/2025,BBB/Baa2,"521,020",1.15353828E7,0.25,03/31/2023
PGX,ELC,29364W108,Entergy Louisiana LLC,4.88,09/01/2066,08/17/2016,05/01/2023,A/A2,"489,794",1.145628166E7,0.25,03/31/2023
PGX,WTFCP,97650W504,Wintrust Financial Corp,6.88,12/31/2079,05/15/2020,07/15/2025,NR/NR,"498,667",1.132971424E7,0.24,03/31/2023
PGX,EMP,29364N108,Entergy Mississippi LLC,4.90,10/01/2066,09/15/2016,05/01/2023,A/A2,"485,368",1.120229344E7,0.24,03/31/2023
PGX,WRB F,084423805,W R Berkley Corp,5.10,12/30/2059,12/16/2019,12/30/2024,BBB-/NA,"520,117",1.101087689E7,0.24,03/31/2023
PGX,TDS U,879433787,Telephone and Data Systems Inc,6.62,12/31/2079,03/02/2021,03/31/2026,B/Ba3,"766,990",1.08989279E7,0.24,03/31/2023
PGX,BHFAM,10922N889,Brighthouse Financial Inc,4.62,12/31/2079,11/22/2021,12/25/2026,BBB-/Ba2,"676,569",1.079804124E7,0.23,03/31/2023
PGX,BNH,11271L102,Brookfield Finance Inc,4.62,10/16/2080,10/16/2020,10/16/2025,BBB/Baa2,"698,521",1.075023819E7,0.23,03/31/2023
PGX,GL D,37959E300,Globe Life Inc,4.25,06/15/2061,06/14/2021,06/15/2026,BBB+/Baa2,"561,717",1.07287947E7,0.23,03/31/2023
PGX,EQH C,29452E408,Equitable Holdings Inc,4.30,12/31/2079,01/08/2021,03/15/2026,BBB-/Baa3,"558,545",1.0388937E7,0.22,03/31/2023
PGX,SR A,84857L309,Spire Inc,5.90,12/31/2079,05/21/2019,08/15/2024,BBB/Ba1,"427,847",1.028972035E7,0.22,03/31/2023
PGX,BC C,117043604,Brunswick Corp/DE,6.38,04/15/2049,03/04/2019,04/15/2024,BBB-/Baa2,"404,311",1.028971495E7,0.22,03/31/2023
PGX,AAM A,03769W203,Apollo Asset Management Inc,6.38,12/31/2079,03/07/2017,05/01/2023,BBB/NR,"487,049",1.02767339E7,0.22,03/31/2023
PGX,RNR F,75968N309,RenaissanceRe Holdings Ltd,5.75,12/31/2079,06/18/2018,06/30/2023,BBB/Baa2,"442,290",1.02257448E7,0.22,03/31/2023
PGX,NRUC,637432105,National Rural Utilities Cooperative Finance Corp,5.50,05/15/2064,05/06/2019,05/15/2024,BBB/A3,"428,599",1.002064462E7,0.22,03/31/2023
PGX,DTG,233331818,DTE Energy Co,4.38,12/01/2081,11/24/2021,12/01/2026,BBB-/Baa3,"503,247",9989452.95,0.22,03/31/2023
PGX,DLR J,253868855,Digital Realty Trust Inc,5.25,12/31/2079,08/07/2017,05/01/2023,BB+/Baa3,"446,129",9587312.21,0.21,03/31/2023
PGX,BEPH,11259P109,Brookfield BRP Holdings Canada Inc,4.62,12/31/2079,04/15/2021,04/30/2026,BBB-/NR,"621,208",9535542.8,0.21,03/31/2023
PGX,TCBIO,88224Q305,Texas Capital Bancshares Inc,5.75,12/31/2079,03/03/2021,06/15/2026,BB-/Ba2,"502,283",9518262.85,0.21,03/31/2023
PGX,PSA N,74460W511,Public Storage,3.88,12/31/2079,10/06/2020,10/06/2025,BBB+/A3,"521,199",9485821.8,0.20,03/31/2023
PGX,SF C,860630870,Stifel Financial Corp,6.12,12/31/2079,05/19/2020,06/15/2025,BB-/NR,"391,637",9418869.85,0.20,03/31/2023
PGX,FITBO,316773860,Fifth Third Bancorp,4.95,12/31/2079,09/17/2019,09/30/2024,BB+/Baa3,"432,900",9398259.0,0.20,03/31/2023
PGX,OZKAP,06417N202,Bank OZK,4.62,12/31/2079,11/04/2021,11/15/2026,NR/Ba2,"581,063",9262144.22,0.20,03/31/2023
PGX,WRB H,084423870,W R Berkley Corp,4.12,03/30/2061,02/10/2021,03/30/2026,BBB-/Baa2,"533,322",9253136.7,0.20,03/31/2023
PGX,SF D,860630862,Stifel Financial Corp,4.50,12/31/2079,07/22/2021,08/15/2026,BB-/NR,"561,256",9131635.12,0.20,03/31/2023
PGX,MGRB,008252843,Affiliated Managers Group Inc,4.75,09/30/2060,09/23/2020,09/30/2025,BBB-/Baa1,"498,581",8954514.76,0.19,03/31/2023
PGX,OAK B,674001409,Oaktree Capital Group LLC,6.55,12/31/2079,08/09/2018,09/15/2023,BBB/NA,"429,147",8934840.54,0.19,03/31/2023
PGX,WRB G,084423888,W R Berkley Corp,4.25,09/30/2060,09/21/2020,09/30/2025,BBB-/Baa2,"459,680",8904001.6,0.19,03/31/2023
PGX,KIM M,49446R711,Kimco Realty Corp,5.25,12/31/2079,12/20/2017,05/01/2023,BBB-/Baa2,"438,333",8898159.9,0.19,03/31/2023
PGX,CMSA,125896860,CMS Energy Corp,5.62,03/15/2078,03/08/2018,04/10/2023,BBB-/Baa3,"361,775",8773043.75,0.19,03/31/2023
PGX,AQNA,015857709,Algonquin Power & Utilities Corp,6.88,10/17/2078,10/17/2018,10/17/2023,BB+/NA,"378,622",8693161.12,0.19,03/31/2023
PGX,SFB,860630607,Stifel Financial Corp,5.20,10/15/2047,10/04/2017,05/01/2023,BBB-/NA,"419,147",8647002.61,0.19,03/31/2023
PGX,STT D,857477608,State Street Corp,5.90,12/31/2079,03/04/2014,03/15/2024,BBB/Baa1,"369,284",8615395.72,0.19,03/31/2023
PGX,BIPI,05554M100,BIP Bermuda Holdings I Ltd,5.12,12/31/2079,01/21/2022,01/21/2027,BBB-/NA,"469,712",8609820.96,0.19,03/31/2023
PGX,AHL E,G05384204,Aspen Insurance Holdings Ltd,5.62,12/31/2079,08/13/2019,10/01/2024,BB+/NR,"438,275",8357904.25,0.18,03/31/2023
PGX,AHL D,G05384162,Aspen Insurance Holdings Ltd,5.62,12/31/2079,09/20/2016,01/01/2027,BB+/Ba1u,"446,522",8180283.04,0.18,03/31/2023
PGX,BC A,117043406,Brunswick Corp/DE,6.50,10/15/2048,10/03/2018,10/15/2023,BBB-/Baa2,"320,413",8122469.55,0.18,03/31/2023
PGX,BPYPO,G16249156,Brookfield Property Partners LP,6.38,,08/20/2019,09/30/2024,BB/NR,"536,670",8092983.6,0.17,03/31/2023
PGX,PSA I,74460W628,Public Storage,4.88,12/31/2079,09/12/2019,09/12/2024,BBB+/A3,"363,404",7922207.2,0.17,03/31/2023
PGX,CMS C,125896837,CMS Energy Corp,4.20,12/31/2079,07/01/2021,07/15/2026,BBB-/Ba1,"397,791",7896151.35,0.17,03/31/2023
PGX,VNO M,929042828,Vornado Realty Trust,5.25,12/31/2079,12/13/2017,05/01/2023,BB/Ba1,"580,135",7843425.2,0.17,03/31/2023
PGX,AIZN,04621X306,Assurant Inc,5.25,01/15/2061,11/19/2020,01/15/2026,BB+/Baa3,"400,047",7808917.44,0.17,03/31/2023
PGX,WRB E,084423706,W R Berkley Corp,5.70,03/30/2058,03/26/2018,05/01/2023,BBB-/Baa2,"319,116",7799195.04,0.17,03/31/2023
PGX,WAFDP,938824307,Washington Federal Inc,4.88,12/31/2079,02/08/2021,04/15/2026,NR/Baa3,"479,304",7764724.8,0.17,03/31/2023
PGX,DTB,233331826,DTE Energy Co,4.38,10/15/2080,10/01/2020,10/15/2025,BBB-/Baa3,"362,924",7759315.12,0.17,03/31/2023
PGX,QVCC,747262400,QVC Inc,6.25,11/26/2068,11/26/2019,11/26/2024,B-/B2,"912,334",7718345.64,0.17,03/31/2023
PGX,CTA-PB,263534307,EIDP Inc,4.50,12/31/2079,07/07/1937,05/30/2023,BBB/NR,"81,514",7647643.48,0.16,03/31/2023
PGX,PSA-PM,74460W537,Public Storage,4.12,12/31/2079,08/14/2020,08/14/2025,BBB+/A3,"411,876",7644418.56,0.16,03/31/2023
PGX,DLR K,253868830,Digital Realty Trust Inc,5.85,12/31/2079,03/13/2019,03/13/2024,BB+/Baa3,"329,276",7642495.96,0.16,03/31/2023
PGX,KIM L,49446R737,Kimco Realty Corp,5.12,12/31/2079,08/16/2017,05/01/2023,BBB-/Baa2,"386,372",7584482.36,0.16,03/31/2023
PGX,HWCPZ,410120406,Hancock Whitney Corp,6.25,06/15/2060,06/02/2020,06/15/2025,BBB-/Baa3,"310,848",7553606.4,0.16,03/31/2023
PGX,VNO O,929042794,Vornado Realty Trust,4.45,12/31/2079,09/22/2021,09/22/2026,BB/Ba1,"661,300",7532207.0,0.16,03/31/2023
PGX,BIP B,G16252275,Brookfield Infrastructure Partners LP,5.00,12/31/2079,01/21/2021,02/16/2026,BBB-/NR,"404,787",7520942.46,0.16,03/31/2023
PGX,SRC A,84860W201,Spirit Realty Capital Inc,6.00,12/31/2079,10/03/2017,05/01/2023,BB+/Baa3,"324,862",7510809.44,0.16,03/31/2023
PGX,BIPH,11276B109,Brookfield Infrastructure Finance ULC,5.00,05/24/2081,05/24/2021,05/24/2026,BBB-/NR,"411,192",7504254.0,0.16,03/31/2023
PGX,HBANM,446150781,Huntington Bancshares Inc/OH,5.70,12/31/2079,06/09/2021,06/01/2023,BB+/NR,"339,990",7442381.1,0.16,03/31/2023
PGX,FCNCO,31959X202,First Citizens BancShares Inc/NC,5.62,12/31/2079,01/04/2022,01/04/2027,NR/Ba1,"343,510",7392335.2,0.16,03/31/2023
PGX,OAK A,674001300,Oaktree Capital Group LLC,6.62,12/31/2079,05/17/2018,06/15/2023,BBB/NA,"344,373",7290376.41,0.16,03/31/2023
PGX,TRTN E,EP0599514,Triton International Ltd,5.75,12/31/2079,08/18/2021,09/15/2026,BB/NA,"340,848",7280513.28,0.16,03/31/2023
PGX,TRTN C,EP0580365,Triton International Ltd,7.38,12/31/2079,11/07/2019,12/15/2024,BB/NA,"311,539",7252627.92,0.16,03/31/2023
PGX,HPP C,444097307,Hudson Pacific Properties Inc,4.75,12/31/2079,11/16/2021,11/16/2026,BB/Ba1,"725,126",7251260.0,0.16,03/31/2023
PGX,SLG I,78440X507,SL Green Realty Corp,6.50,12/31/2079,08/10/2012,05/01/2023,B+/Ba3,"386,930",7208505.9,0.16,03/31/2023
PGX,SPNT B,EP0598912,SiriusPoint Ltd,8.00,12/31/2079,02/26/2021,02/26/2026,BB+/NA,"327,335",7201370.0,0.16,03/31/2023
PGX,SITC A,82981J877,SITE Centers Corp,6.38,12/31/2079,06/05/2017,05/01/2023,BB/NR,"306,850",7192564.0,0.16,03/31/2023
PGX,WAL A,957638406,Western Alliance Bancorp,4.25,12/31/2079,09/22/2021,09/30/2026,NR/Ba1,"526,737",7163623.2,0.15,03/31/2023
PGX,CADE A,12740C202,Cadence Bank,5.50,12/31/2079,11/20/2019,11/20/2024,BB+/Ba1,"339,910",7148307.3,0.15,03/31/2023
PGX,AFGC,025932880,American Financial Group Inc/OH,5.12,12/15/2059,12/02/2019,12/15/2024,BBB-/Baa2,"364,090",7041500.6,0.15,03/31/2023
PGX,PSA K,74460W578,Public Storage,4.75,12/31/2079,12/20/2019,12/20/2024,BBB+/A3,"322,157",7010136.32,0.15,03/31/2023
PGX,BEP A,EP0586206,Brookfield Renewable Partners LP,5.25,12/31/2079,02/24/2020,03/31/2025,BBB-/NR,"344,057",6791685.18,0.15,03/31/2023
PGX,FRT C,313745200,Federal Realty Investment Trust,5.00,12/31/2079,09/29/2017,05/01/2023,BBB-/Baa2,"315,350",6707494.5,0.14,03/31/2023
PGX,BEPI,11259P208,Brookfield BRP Holdings Canada Inc,4.88,12/31/2079,12/09/2021,12/09/2026,BBB-/NA,"449,970",6704553.0,0.14,03/31/2023
PGX,BIP A,G16252267,Brookfield Infrastructure Partners LP,5.12,12/31/2079,09/21/2020,10/15/2025,BBB-/NR,"357,766",6693801.86,0.14,03/31/2023
PGX,BPYPN,G16249164,Brookfield Property Partners LP,5.75,12/31/2079,02/18/2020,03/31/2025,BB/NR,"535,552",6667622.4,0.14,03/31/2023
PGX,AFGE,025932864,American Financial Group Inc/OH,4.50,09/15/2060,09/15/2020,09/15/2025,BBB-/Baa2,"359,368",6651901.68,0.14,03/31/2023
PGX,WEC,45822P204,Integrys Holding Inc,6.00,08/01/2073,08/15/2013,08/01/2023,BBB/Baa2,"261,761",6530936.95,0.14,03/31/2023
PGX,GNL A,379378300,Global Net Lease Inc,7.25,12/31/2079,09/12/2017,05/01/2023,NR/NR,"315,042",6505617.3,0.14,03/31/2023
PGX,VNO L,929042844,Vornado Realty Trust,5.40,12/31/2079,01/25/2013,05/01/2023,BB/Ba1,"461,638",6453699.24,0.14,03/31/2023
PGX,FITBP,316773886,Fifth Third Bancorp,6.00,12/31/2079,08/27/2019,06/30/2023,NR/NR,"279,375",6447975.0,0.14,03/31/2023
PGX,MBINM,58844R884,Merchants Bancorp/IN,8.25,12/31/2079,09/27/2022,10/01/2027,NA/Ba3,"241,242",6296416.2,0.14,03/31/2023
PGX,BNJ,11272B103,Brookfield Finance I UK Plc,4.50,12/31/2079,11/24/2020,11/24/2025,BBB/Baa2,"426,481",6273535.51,0.14,03/31/2023
PGX,PSA O,74460W487,Public Storage,3.90,12/31/2079,11/17/2020,11/17/2025,BBB+/A3,"343,156",6255733.88,0.13,03/31/2023
PGX,PRE J,G68603169,PartnerRe Ltd,4.88,12/31/2079,03/15/2021,03/15/2026,BBB/Baa2,"306,145",6254542.35,0.13,03/31/2023
PGX,MBINN,58844R702,Merchants Bancorp/IN,6.00,12/31/2079,03/23/2021,04/01/2026,NR/Ba3,"320,424",6241859.52,0.13,03/31/2023
PGX,VNO N,929042810,Vornado Realty Trust,5.25,12/31/2079,11/24/2020,11/24/2025,BB/Ba1,"473,387",6154031.0,0.13,03/31/2023
PGX,SIGIP,816300503,Selective Insurance Group Inc,4.60,12/31/2079,12/09/2020,12/15/2025,BB+/Ba1,"355,712",6118246.4,0.13,03/31/2023
PGX,TRTN-PB,EP0573691,Triton International Ltd,8.00,12/31/2079,06/24/2019,09/15/2024,BB/NR,"245,580",6090384.0,0.13,03/31/2023
PGX,FULTP,360271308,Fulton Financial Corp,5.12,12/31/2079,10/29/2020,01/15/2026,NA/Baa3,"359,758",5982775.54,0.13,03/31/2023
PGX,EPR G,26884U505,EPR Properties,5.75,12/31/2079,11/30/2017,05/01/2023,B+/Ba1,"357,095",5977770.3,0.13,03/31/2023
PGX,SCE G,78407R204,SCE Trust II,5.10,12/31/2079,01/29/2013,05/01/2023,BB+/Baa3,"287,526",5969039.76,0.13,03/31/2023
PGX,ARGO A,040128209,Argo Group International Holdings Ltd,7.00,12/31/2079,07/09/2020,09/15/2025,BB/NR,"240,014",5779537.12,0.12,03/31/2023
PGX,AFGD,025932872,American Financial Group Inc/OH,5.62,06/01/2060,05/29/2020,06/01/2025,BBB-/Baa2,"256,253",5642691.06,0.12,03/31/2023
PGX,MGRD,008252835,Affiliated Managers Group Inc,4.20,09/30/2061,07/13/2021,09/30/2026,BBB-/Baa1,"352,210",5624793.7,0.12,03/31/2023
PGX,ADC A,008492209,Agree Realty Corp,4.25,12/31/2079,09/17/2021,09/17/2026,BB+/Baa2,"316,633",5572740.8,0.12,03/31/2023
PGX,BOH A,062545207,Bank of Hawaii Corp,4.38,12/31/2079,06/15/2021,08/01/2026,NR/Baa2,"336,096",5555666.88,0.12,03/31/2023
PGX,FHN E,320517402,First Horizon Corp,6.50,12/31/2079,05/28/2020,10/10/2025,NR/Ba2,"245,191",5416269.19,0.12,03/31/2023
PGX,BC B,117043505,Brunswick Corp/DE,6.62,01/15/2049,12/03/2018,01/15/2024,BBB-/Baa2,"211,352",5402157.12,0.12,03/31/2023
PGX,SF B,860630706,Stifel Financial Corp,6.25,12/31/2079,02/28/2019,03/15/2024,BB-/NR,"223,533",5306673.42,0.11,03/31/2023
PGX,FTAIO,EP0602235,FTAI Aviation Ltd,8.00,,11/11/2022,12/15/2024,NR/NR,"232,222",5252861.64,0.11,03/31/2023
PGX,AMH G,02665T876,American Homes 4 Rent,5.88,12/31/2079,07/17/2017,05/01/2023,BB+/NR,"218,942",5147326.42,0.11,03/31/2023
PGX,ARGD,040130205,Argo Group US Inc,6.50,09/15/2042,09/25/2012,05/01/2023,BBB-/NR,"231,927",5141821.59,0.11,03/31/2023
PGX,WTFCM,97650W405,Wintrust Financial Corp,6.50,12/31/2079,06/25/2015,07/15/2025,NA/NA,"212,468",5005746.08,0.11,03/31/2023
PGX,BPYPP,G16249149,Brookfield Property Partners LP,6.50,12/31/2079,03/21/2019,03/31/2024,BB/NR,"314,346",5001244.86,0.11,03/31/2023
PGX,ONBPP,68003D204,Old National Bancorp/IN,7.00,12/31/2079,02/16/2022,08/20/2025,NA/Baa2,"203,702",4951995.62,0.11,03/31/2023
PGX,FHN F,320517865,First Horizon Corp,4.70,12/31/2079,05/03/2021,07/10/2026,NA/Ba2,"254,431",4882530.89,0.11,03/31/2023
PGX,TRTN D,EP0585000,Triton International Ltd,6.88,12/31/2079,01/24/2020,03/15/2025,BB/NR,"227,906",4874909.34,0.11,03/31/2023
PGX,WBS F,947890505,Webster Financial Corp,5.25,12/31/2079,12/12/2017,05/01/2023,BB/Baa3,"280,125",4846162.5,0.10,03/31/2023
PGX,CFR B,229899307,Cullen/Frost Bankers Inc,4.45,12/31/2079,11/19/2020,12/15/2025,BBB-/Baa2,"250,499",4807075.81,0.10,03/31/2023
PGX,PSA Q,74460W446,Public Storage,3.95,12/31/2079,08/17/2021,08/17/2026,BBB+/A3,"265,256",4798481.04,0.10,03/31/2023
PGX,AMH H,02665T868,American Homes 4 Rent,6.25,12/31/2079,09/19/2018,09/19/2023,BB+/Ba1,"197,298",4792368.42,0.10,03/31/2023
PGX,PSEC A,74348T565,Prospect Capital Corp,5.35,12/31/2079,07/19/2021,07/01/2026,BB/Ba2,"295,010",4720160.0,0.10,03/31/2023
PGX,OPINL,67623C208,Office Properties Income Trust,6.38,06/23/2050,06/23/2020,06/23/2025,BB+/Ba2,"275,698",4706164.86,0.10,03/31/2023
PGX,CNO A,12621E301,CNO Financial Group Inc,5.12,11/25/2060,11/25/2020,11/25/2025,BB/Ba1,"288,091",4681478.75,0.10,03/31/2023
PGX,MBINO,58844R603,Merchants Bancorp/IN,6.00,12/31/2079,08/19/2019,10/01/2024,NA/Ba3,"216,272",4546037.44,0.10,03/31/2023
PGX,SJIJ,838518207,South Jersey Industries Inc,5.62,09/16/2079,09/16/2019,09/16/2024,BB+/NA,"331,423",4243871.515,0.09,03/31/2023
PGX,AFGB,025932807,American Financial Group Inc/OH,5.88,03/30/2059,03/18/2019,03/30/2024,BBB-/Baa2,"196,478",4230171.34,0.09,03/31/2023
PGX,FTAIP,EP0602227,FTAI Aviation Ltd,8.25,,11/11/2022,09/15/2024,NR/NR,"170,156",4036100.32,0.09,03/31/2023
PGX,PCG A,694308206,Pacific Gas and Electric Co,6.00,11/05/2049,11/18/1992,N/A,NR/WR,"179,738",4022536.44,0.09,03/31/2023
PGX,ESGRO,29359U208,Enstar Group Ltd,7.00,12/31/2079,11/21/2018,03/01/2024,BB+/NR,"172,117",3956969.83,0.09,03/31/2023
PGX,FTAIN,EP0602243,FTAI Aviation Ltd,8.25,,11/11/2022,06/15/2026,NR/NR,"169,120",3938804.8,0.08,03/31/2023
PGX,COF K,14040H774,Capital One Financial Corp,4.62,12/31/2079,09/17/2020,12/01/2025,BB/Baa3,"213,809",3829319.19,0.08,03/31/2023
PGX,FITBI,316773605,Fifth Third Bancorp,6.62,12/31/2079,12/09/2013,12/31/2023,BB+/Baa3,"159,696",3786392.16,0.08,03/31/2023
PGX,VLYPP,919794206,Valley National Bancorp,6.25,12/31/2079,06/19/2015,06/30/2025,BB/NR,"176,914",3747038.52,0.08,03/31/2023
PGX,FHN D,320517808,First Horizon Corp,6.10,,07/02/2020,05/01/2024,NR/NR,"168,444",3672079.2,0.08,03/31/2023
PGX,ONBPO,68003D303,Old National Bancorp/IN,7.00,12/31/2079,02/16/2022,08/20/2025,NA/Baa2,"150,323",3667881.2,0.08,03/31/2023
PGX,FOSLL,34988V304,Fossil Group Inc,7.00,11/30/2026,11/08/2021,11/30/2023,B-/NA,"200,390",3619043.4,0.08,03/31/2023
PGX,SNV D,87161C600,Synovus Financial Corp,6.30,12/31/2079,06/21/2018,06/21/2023,BB-/NR,"155,274",3526272.54,0.08,03/31/2023
PGX,QVCD,747262301,QVC Inc,6.38,09/13/2067,09/13/2018,09/13/2023,B-/B2,"402,700",3402815.0,0.07,03/31/2023
PGX,ASB E,045487204,Associated Banc-Corp,5.88,12/31/2079,09/26/2018,12/15/2023,BB/Baa3,"176,091",3289379.88,0.07,03/31/2023
PGX,NS C,67058H409,NuStar Energy LP,12.07,12/31/2079,11/30/2017,05/01/2023,B-/B2,"115,525",3275133.75,0.07,03/31/2023
PGX,PSA J,74460W594,Public Storage,4.70,12/31/2079,11/15/2019,11/15/2024,BBB+/A3,"147,823",3188542.11,0.07,03/31/2023
PGX,KMPB,488401308,Kemper Corp,5.88,03/15/2062,03/10/2022,03/15/2027,BB/Ba1,"165,417",3182623.08,0.07,03/31/2023
PGX,GNL B,379378409,Global Net Lease Inc,6.88,12/31/2079,11/26/2019,11/26/2024,NA/NA,"149,655",3130782.6,0.07,03/31/2023
PGX,NI B,65473P881,NiSource Inc,6.50,12/31/2079,12/05/2018,03/15/2024,BBB-/Ba1,"97,514",2340336.0,0.05,03/31/2023
PGX,ASB F,045487402,Associated Banc-Corp,5.62,12/31/2079,06/15/2020,09/15/2025,BB/Baa3,"116,967",2276177.82,0.05,03/31/2023
PGX,NS B,67058H300,NuStar Energy LP,10.84,12/31/2079,04/28/2017,05/01/2023,B-/B2,"79,437",1894572.45,0.04,03/31/2023
PGX,SCE H,78409B207,SCE Trust III,5.75,12/31/2079,03/06/2014,03/15/2024,BB+/Baa3,"87,941",1803669.91,0.04,03/31/2023
PGX,C K,172967341,Citigroup Inc,6.88,12/31/2079,10/31/2013,11/15/2023,BB+/Ba1,"64,290",1593749.1,0.03,03/31/2023
PGX,BPOPM,73317H206,Popular Capital Trust II,6.12,12/01/2034,11/30/2004,05/01/2023,B+/Ba2,"58,757",1525331.72,0.03,03/31/2023
PGX,AL A,00912X500,Air Lease Corp,6.15,12/31/2079,03/05/2019,03/15/2024,BB+/NR,"67,348",1391409.68,0.03,03/31/2023
PGX,DHCNI,25525P206,Diversified Healthcare Trust,5.62,08/01/2042,07/20/2012,05/01/2023,CCC+/Ca,"79,821",1018515.96,0.02,03/31/2023
PGX,FRC N,33616C696,First Republic Bank/CA,4.50,12/31/2079,11/29/2021,12/31/2026,CCC/Caa1,"1,134",6316.38,0.00,03/31/2023
PGX,FRC M,33616C720,First Republic Bank/CA,4.00,12/31/2079,07/21/2021,08/30/2026,CCC/Caa1,"1,134",6055.56,0.00,03/31/2023
PGX,FRC L,33616C746,First Republic Bank/CA,4.25,12/31/2079,02/09/2021,03/30/2026,CCC/Caa1,"1,141",6081.53,0.00,03/31/2023
PGX,FRC K,33616C761,First Republic Bank/CA,4.12,12/31/2079,09/16/2020,10/30/2025,CCC/Caa1,756,4029.48,0.00,03/31/2023
PGX,FRC J,33616C787,First Republic Bank/CA,4.70,12/31/2079,12/03/2019,12/31/2024,CCC/Caa1,567,3231.9,0.00,03/31/2023
PGX,FRC I,336158803,First Republic Bank/CA,5.50,12/31/2079,06/12/2018,06/30/2023,CCC/Caa1,462,2901.36,0.00,03/31/2023
PGX,FRC H,33616C811,First Republic Bank/CA,5.12,12/31/2079,06/07/2017,05/01/2023,CCC/Caa1,301,1872.22,0.00,03/31/2023
PGX,-CASH-,CASHUSD00,Cash/Receivables/Payables,.00,,01/01/1970,N/A,NR/NR,"-3,578,677",-3578676.95,-0.08,03/31/2023
